fName,lName,cohort,emailAllan,Nielsen,Delta,alnig441@gmail.comBen,Hunt,Delta,benhunt29@gmail.comGarrett,Lajiness,Delta,glajiness@gmail.comJacob,Scearcy,Delta,jacobscearcy@gmail.comJames,McElwain,Delta,jmcelwain@gmail.comJason,Spidle,Delta,jason.spidle@gmail.comJason,Nelson,Delta,jasonn318@gmail.comKate,Stoffregen,Delta,kathryn.stoffregen@gmail.comKim,Hayden,Delta,kimlovescats@gmail.comKamie,Kehrwald,Delta,kkehrwald@live.comKatie,Whelan,Delta,klwhelan@gmail.comMadeleine,Lowry,Delta,mlowry55403@gmail.comMartha,Megarry,Delta,mega0015@umn.eduMatt,Brown,Delta,mateojos3@gmail.comShawn,Fagerstrom,Delta,shawnf1@gmail.comVas,Leckas,Delta,vas.leckas@gmail.comBrendan,Telzrow,Delta,telzrowb@gmail.com